{
  "change_date": "2020-05-03",
  "mu_before": -6.65414754539661e-05,
  "mu_after": 0.013233559443047653,
  "pct_change": 1.3388940683083708,
  "closest_event": "COVID-19 Demand Collapse",
  "days_from_event": 53
}